Tags,count
Fighter,6
"Mage,Assassin",2
Assassin,6
"Marksman,Assassin",7
"Tank,Support",9
Mage,14
"Mage,Support",15
Marksman,10
"Marksman,Support",1
"Mage,Marksman",3
"Support,Mage",12
"Fighter,Assassin",16
"Tank,Mage",5
"Marksman,Mage",9
"Fighter,Tank",19
"Tank,Fighter",6
"Assassin,Mage",7
"Assassin,Fighter",4
"Fighter,Mage",5
"Marksman,Fighter",1
Tank,4
"Support,Assassin",1
Support,1
"Support,Marksman",1
"Support,Tank",2
"Mage,Fighter",1
